{
  "Qf_maxdiff": 7.888609052210118e-31,
  "F_py_phase_Q": -571.6368033536221,
  "F_mat_phase_Q_same_O_A_id": -571.6368033536221,
  "F_live_hook": -0.5877866649034389,
  "F_diff_py_vs_mat_Q": 0.0
}