{
  "t1": {
    "depth": 1,
    "F_vbx": -163.3670326522516,
    "F_forwards": -163.3670326522516,
    "O_numel": [
      41,
      14,
      10,
      10,
      10,
      10,
      10,
      10,
      10,
      10,
      10,
      10,
      5,
      5,
      2,
      2,
      2,
      2,
      9,
      3
    ],
    "O_sum": [
      0.9999999999999999,
      1.0000000000000002,
      1.0,
      1.0,
      1.0,
      0.9999999999999999,
      1.0,
      1.0,
      1.0,
      0.9999999999999996,
      1.0,
      1.0,
      1.0,
      0.9999999999999998,
      1.0,
      0.9999999999999999,
      1.0,
      1.0,
      1.0000000000000002,
      0.9999999999999999
    ],
    "P_numel": [
      485
    ],
    "has_i": false,
    "i_sel": null,
    "g_partitions": 1
  },
  "t2": {
    "depth": 1,
    "F_vbx": -0.5877866649034389,
    "F_forwards": -0.5877866649034389,
    "O_numel": [
      41,
      14,
      10,
      10,
      10,
      10,
      10,
      10,
      10,
      10,
      10,
      10,
      5,
      5,
      2,
      2,
      2,
      2,
      9,
      3
    ],
    "O_sum": [
      1.0,
      1.0000000000000002,
      1.0,
      1.0,
      1.0,
      1.0,
      1.0,
      1.0,
      1.0,
      1.0,
      1.0,
      1.0,
      1.0,
      1.0,
      1.0,
      1.0,
      1.0,
      1.0,
      1.0,
      1.0
    ],
    "P_numel": [
      485
    ],
    "has_i": false,
    "i_sel": null,
    "g_partitions": 1
  },
  "t3": {
    "depth": 1,
    "F_vbx": -1.2763123891092484e-12,
    "F_forwards": -1.2763123891092484e-12,
    "O_numel": [
      41,
      14,
      10,
      10,
      10,
      10,
      10,
      10,
      10,
      10,
      10,
      10,
      5,
      5,
      2,
      2,
      2,
      2,
      9,
      3
    ],
    "O_sum": [
      1.0,
      1.0000000000000002,
      1.0,
      1.0,
      0.9999999999999999,
      0.9999999999999999,
      1.0,
      1.0,
      1.0,
      1.0,
      1.0,
      1.0,
      1.0,
      1.0,
      1.0,
      1.0,
      1.0,
      1.0,
      1.0,
      1.0
    ],
    "P_numel": [
      485
    ],
    "has_i": false,
    "i_sel": null,
    "g_partitions": 1
  },
  "F_traj_head": [
    -163.3670326522516,
    -0.5877866649034389,
    -1.2763123891092484e-12,
    -0.6418538861737173,
    -0.8620015033691832,
    -0.6418538861737281,
    -1.2821965711397647e-12,
    -0.5877866649035659
  ],
  "F_traj_nz": 48
}