{
  "python": {
    "G_before_iH": 0.0,
    "ih_term": 31.999999999999016,
    "G_after_iH": -31.999999999999016,
    "R_shape": [
      1,
      485
    ],
    "R_max": 32.0,
    "R_sum": 64.0,
    "dot_manual_RQ": 0.0,
    "R_nz_idx": [
      230,
      457
    ],
    "Q_at_R_nz": [
      0.0,
      0.0
    ],
    "spm_dot_R_Q": 0.0,
    "G_after_dot": -31.999999999999016,
    "PDP_G1": -64.40546510810269
  },
  "matlab": {
    "PDP_G1": -32.4054651081035,
    "G_before_iH": 0.0,
    "ih_term": 31.999999999999016,
    "G_after_iH": -31.999999999999016,
    "spm_dot_R_Q": 31.99999999999921,
    "G_after_dot": 1.9539925233402755e-13
  }
}