{
  "python": {
    "R_sum": 64.0,
    "R_nz": [
      230,
      457
    ],
    "hif": [
      1
    ],
    "goal_i": 5,
    "n_col": 5,
    "col_idx": 3,
    "P_nz": [
      230,
      457
    ],
    "dmx": [
      5.925503594337102e-15,
      0.9999999999999754,
      5.925503594337102e-15,
      0.9999999999999754,
      0.0,
      0.9999999999999754,
      0.0,
      0.0,
      0.9999999999999754,
      1.2664165549093868e-14,
      0.0,
      1.2664165549093868e-14,
      5.925503594337102e-15,
      1.2664165549093868e-14,
      0.9999999999999754,
      1.2664165549093868e-14,
      0.0,
      1.2664165549093868e-14,
      1.2664165549093868e-14,
      0.0,
      0.9999999999999754,
      0.0,
      0.0,
      0.0,
      0.0
    ],
    "nmx": [
      19,
      38,
      8,
      16,
      0,
      60,
      0,
      0,
      49,
      14,
      0,
      3,
      1,
      25,
      27,
      47,
      0,
      58,
      36,
      0,
      5,
      0,
      0,
      0,
      0
    ],
    "Pf_col0_nnz": 1,
    "G_shape": [
      64,
      25
    ]
  },
  "matlab": {
    "R_sum": 32.0,
    "R_nz": [
      272
    ],
    "goal_i": 6,
    "n_col": 6,
    "P_nnz": 1,
    "Pf_col1_nnz": 1,
    "G_max_row": 64
  }
}