{
  "G": [-26.557290550479493, -29.365321573851858, -29.365321573814796, -29.365321573851858],
  "terms": [
    {"k":0,"ih":31.173746432853079,"after_risk":0.81839502097459516,"ent":-5.1395645350884074,"cost":-66.592161797530139,"amb":-1.9251201061790486,"No":36.002031797166708,"G":-26.557290550479493},
    {"k":1,"ih":31.701775091858526,"after_risk":0.28676359008799324,"ent":-3.7349331798434058,"cost":-66.581353481886282,"amb":-2.8076966590636965,"No":36.002031797166708,"G":-29.365321573851858},
    {"k":2,"ih":31.701775091833667,"after_risk":0.28676359010920294,"ent":-3.7349331799264847,"cost":-66.581353481875354,"amb":-2.8076966591418211,"No":36.002031797166708,"G":-29.365321573814796},
    {"k":3,"ih":31.701775091858526,"after_risk":0.28676359008799324,"ent":-3.7349331798434058,"cost":-66.581353481886282,"amb":-2.8076966590636965,"No":36.002031797166708,"G":-29.365321573851858}
  ]
}
